{"_step":4,"loss":0.08282600116515373,"epoch":5,"_timestamp":1.77904986813889e+09,"_wandb":{"runtime":11},"_runtime":11}
