{"epoch":10,"_timestamp":1.779049850960524e+09,"_step":9,"loss":0.04235524156408066,"_wandb":{"runtime":27},"_runtime":27}
