{"epoch":10,"_timestamp":1.7790497512285912e+09,"_step":9,"_wandb":{"runtime":14},"_runtime":14,"loss":0.047085250085189954}
