{"loss":0.045152917878626825,"epoch":10,"_timestamp":1.779049701922718e+09,"_step":9,"_wandb":{"runtime":13},"_runtime":13}
