{"_step":4,"_wandb":{"runtime":9},"_runtime":9,"loss":0.058320294593278164,"epoch":5,"_timestamp":1.7790488693860428e+09}
