{"_wandb":{"runtime":23},"_runtime":23,"loss":0.0737853517843839,"epoch":10,"_timestamp":1.779049675704756e+09,"_step":9}
