{"_step":9,"loss":0.05757373340600637,"epoch":10,"_timestamp":1.7790497767695029e+09,"_wandb":{"runtime":13},"_runtime":13}
