{"_timestamp":1.779049732985122e+09,"_step":9,"_wandb":{"runtime":18},"_runtime":18,"loss":0.09196858133058025,"epoch":10}
