{"_wandb":{"runtime":15},"_runtime":15,"_timestamp":1.779049817587968e+09,"_step":9,"loss":0.035146541398034484,"epoch":10}
