{"epoch":10,"_timestamp":1.77904979462303e+09,"_wandb":{"runtime":14},"_runtime":14,"_step":9,"loss":0.054470084251467085}
