{"_runtime":14,"_timestamp":1.779049886143913e+09,"_step":4,"loss":0.09204677874800751,"epoch":5,"_wandb":{"runtime":14}}
