{"_step":4,"loss":0.057000994005415244,"epoch":5,"_timestamp":1.779049550979131e+09,"_runtime":8,"_wandb":{"runtime":8}}
